Vreme;IdZadatka;Segment;Algoritam;DuzinaPuta;PosecenihCvorova;VremeMs;Izabran;SirinaLavirinta;VisinaLavirinta;BrojAktivnihVozila;BrojAktivnihZadataka
2026-08-10 20:08:03;0;Vozilo->Klijent;BFS;5;15;0.0378;True;8;8;1;0
2026-08-10 20:08:03;0;Vozilo->Klijent;Dijkstra;5;12;1.9031;False;8;8;1;0
2026-08-10 20:08:03;0;Vozilo->Klijent;A*;5;6;0.7384;False;8;8;1;0
2026-08-10 20:08:03;0;Klijent->Odrediste;BFS;13;64;0.1921;True;8;8;1;0
2026-08-10 20:08:03;0;Klijent->Odrediste;Dijkstra;13;63;0.3226;False;8;8;1;0
2026-08-10 20:08:03;0;Klijent->Odrediste;A*;13;43;0.3035;False;8;8;1;0
2026-08-10 20:08:57;1;Vozilo->Klijent;BFS;12;60;0.1022;True;8;8;1;0
2026-08-10 20:08:57;1;Vozilo->Klijent;Dijkstra;12;54;32.0265;False;8;8;1;0
2026-08-10 20:08:57;1;Vozilo->Klijent;A*;12;39;0.1750;False;8;8;1;0
2026-08-10 20:08:57;1;Klijent->Odrediste;BFS;11;62;0.0984;False;8;8;1;0
2026-08-10 20:08:57;1;Klijent->Odrediste;Dijkstra;11;56;0.2372;False;8;8;1;0
2026-08-10 20:08:57;1;Klijent->Odrediste;A*;11;17;0.0563;True;8;8;1;0
2026-08-10 20:09:31;2;Vozilo->Klijent;BFS;7;31;0.0381;True;8;8;1;0
2026-08-10 20:09:31;2;Vozilo->Klijent;Dijkstra;7;25;0.1373;False;8;8;1;0
2026-08-10 20:09:31;2;Vozilo->Klijent;A*;7;15;0.0507;False;8;8;1;0
2026-08-10 20:09:31;2;Klijent->Odrediste;BFS;10;56;0.0745;True;8;8;1;0
2026-08-10 20:09:31;2;Klijent->Odrediste;Dijkstra;10;52;0.1864;False;8;8;1;0
2026-08-10 20:09:31;2;Klijent->Odrediste;A*;10;23;0.0890;False;8;8;1;0
2026-08-10 20:09:55;3;Vozilo->Klijent;BFS;12;49;0.0770;True;8;8;1;0
2026-08-10 20:09:55;3;Vozilo->Klijent;Dijkstra;12;44;0.1668;False;8;8;1;0
2026-08-10 20:09:55;3;Vozilo->Klijent;A*;12;27;0.1469;False;8;8;1;0
2026-08-10 20:09:55;3;Klijent->Odrediste;BFS;3;9;0.0114;False;8;8;1;0
2026-08-10 20:09:55;3;Klijent->Odrediste;Dijkstra;3;8;0.0210;False;8;8;1;0
2026-08-10 20:09:55;3;Klijent->Odrediste;A*;3;4;0.0107;True;8;8;1;0
2026-08-10 20:10:24;4;Vozilo->Klijent;BFS;10;50;0.1188;False;8;8;1;0
2026-08-10 20:10:24;4;Vozilo->Klijent;Dijkstra;10;43;0.1609;False;8;8;1;0
2026-08-10 20:10:24;4;Vozilo->Klijent;A*;10;24;0.0830;True;8;8;1;0
2026-08-10 20:10:24;4;Klijent->Odrediste;BFS;8;43;0.1001;False;8;8;1;0
2026-08-10 20:10:24;4;Klijent->Odrediste;Dijkstra;8;39;0.1390;False;8;8;1;0
2026-08-10 20:10:24;4;Klijent->Odrediste;A*;8;20;0.0825;True;8;8;1;0
2026-08-10 20:11:03;5;Vozilo->Klijent;BFS;8;39;0.0493;True;8;8;1;0
2026-08-10 20:11:03;5;Vozilo->Klijent;Dijkstra;8;32;0.1199;False;8;8;1;0
2026-08-10 20:11:03;5;Vozilo->Klijent;A*;8;16;0.0583;False;8;8;1;0
2026-08-10 20:11:03;5;Klijent->Odrediste;BFS;5;27;0.0335;False;8;8;1;0
2026-08-10 20:11:03;5;Klijent->Odrediste;Dijkstra;5;22;0.1179;False;8;8;1;0
2026-08-10 20:11:03;5;Klijent->Odrediste;A*;5;7;0.0269;True;8;8;1;0
2026-08-10 20:11:23;6;Vozilo->Klijent;BFS;6;33;0.0553;True;8;8;1;0
2026-08-10 20:11:23;6;Vozilo->Klijent;Dijkstra;6;28;0.1684;False;8;8;1;0
2026-08-10 20:11:23;6;Vozilo->Klijent;A*;6;15;0.0613;False;8;8;1;0
2026-08-10 20:11:23;6;Klijent->Odrediste;BFS;3;10;0.0113;True;8;8;1;0
2026-08-10 20:11:23;6;Klijent->Odrediste;Dijkstra;3;8;0.0233;False;8;8;1;0
2026-08-10 20:11:23;6;Klijent->Odrediste;A*;3;6;0.0209;False;8;8;1;0
2026-08-10 20:11:43;7;Vozilo->Klijent;BFS;12;61;0.1227;True;8;8;1;0
2026-08-10 20:11:43;7;Vozilo->Klijent;Dijkstra;12;56;0.3364;False;8;8;1;0
2026-08-10 20:11:43;7;Vozilo->Klijent;A*;12;31;0.1719;False;8;8;1;0
2026-08-10 20:11:43;7;Klijent->Odrediste;BFS;3;14;0.0232;False;8;8;1;0
2026-08-10 20:11:43;7;Klijent->Odrediste;Dijkstra;3;10;0.0479;False;8;8;1;0
2026-08-10 20:11:43;7;Klijent->Odrediste;A*;3;4;0.0209;True;8;8;1;0
2026-08-10 20:12:17;8;Vozilo->Klijent;BFS;3;14;0.0203;False;8;8;1;0
2026-08-10 20:12:17;8;Vozilo->Klijent;Dijkstra;3;8;0.0386;False;8;8;1;0
2026-08-10 20:12:17;8;Vozilo->Klijent;A*;3;4;0.0189;True;8;8;1;0
2026-08-10 20:12:17;8;Klijent->Odrediste;BFS;11;58;0.0801;True;8;8;1;0
2026-08-10 20:12:17;8;Klijent->Odrediste;Dijkstra;11;54;0.1797;False;8;8;1;0
2026-08-10 20:12:17;8;Klijent->Odrediste;A*;11;28;0.1123;False;8;8;1;0
2026-08-10 20:12:36;9;Vozilo->Klijent;BFS;9;35;0.0428;True;8;8;1;0
2026-08-10 20:12:36;9;Vozilo->Klijent;Dijkstra;9;30;0.1008;False;8;8;1;0
2026-08-10 20:12:36;9;Vozilo->Klijent;A*;9;21;0.0750;False;8;8;1;0
2026-08-10 20:12:36;9;Klijent->Odrediste;BFS;6;23;0.0278;True;8;8;1;0
2026-08-10 20:12:36;9;Klijent->Odrediste;Dijkstra;6;20;0.0595;False;8;8;1;0
2026-08-10 20:12:36;9;Klijent->Odrediste;A*;6;12;0.0357;False;8;8;1;0
2026-08-10 20:12:59;10;Vozilo->Klijent;BFS;6;25;0.0624;False;8;8;1;0
2026-08-10 20:12:59;10;Vozilo->Klijent;Dijkstra;6;21;0.0806;False;8;8;1;0
2026-08-10 20:12:59;10;Vozilo->Klijent;A*;6;12;0.0429;True;8;8;1;0
2026-08-10 20:12:59;10;Klijent->Odrediste;BFS;9;45;0.3522;False;8;8;1;0
2026-08-10 20:12:59;10;Klijent->Odrediste;Dijkstra;9;36;0.1276;False;8;8;1;0
2026-08-10 20:12:59;10;Klijent->Odrediste;A*;9;20;0.0640;True;8;8;1;0
2026-08-10 20:14:02;11;Vozilo->Klijent;BFS;5;16;0.0227;True;8;8;1;0
2026-08-10 20:14:02;11;Vozilo->Klijent;Dijkstra;5;14;0.0485;False;8;8;1;0
2026-08-10 20:14:02;11;Vozilo->Klijent;A*;5;9;0.0308;False;8;8;1;0
2026-08-10 20:14:02;11;Klijent->Odrediste;BFS;4;16;0.0163;True;8;8;1;0
2026-08-10 20:14:02;11;Klijent->Odrediste;Dijkstra;4;11;0.0332;False;8;8;1;0
2026-08-10 20:14:02;11;Klijent->Odrediste;A*;4;7;0.0191;False;8;8;1;0
2026-08-10 20:14:21;12;Vozilo->Klijent;BFS;5;20;0.0246;True;8;8;1;0
2026-08-10 20:14:21;12;Vozilo->Klijent;Dijkstra;5;16;0.0602;False;8;8;1;0
2026-08-10 20:14:21;12;Vozilo->Klijent;A*;5;9;0.0331;False;8;8;1;0
2026-08-10 20:14:21;12;Klijent->Odrediste;BFS;8;32;0.0408;False;8;8;1;0
2026-08-10 20:14:21;12;Klijent->Odrediste;Dijkstra;8;28;0.0874;False;8;8;1;0
2026-08-10 20:14:21;12;Klijent->Odrediste;A*;8;13;0.0395;True;8;8;1;0
2026-08-10 20:14:44;13;Vozilo->Klijent;BFS;8;33;0.0466;True;8;8;1;0
2026-08-10 20:14:44;13;Vozilo->Klijent;Dijkstra;8;31;0.1038;False;8;8;1;0
2026-08-10 20:14:44;13;Vozilo->Klijent;A*;8;17;0.0605;False;8;8;1;0
2026-08-10 20:14:44;13;Klijent->Odrediste;BFS;12;63;0.0849;True;8;8;1;0
2026-08-10 20:14:44;13;Klijent->Odrediste;Dijkstra;12;61;0.2037;False;8;8;1;0
2026-08-10 20:14:44;13;Klijent->Odrediste;A*;12;44;0.2121;False;8;8;1;0
2026-08-10 20:37:38;0;Vozilo->Klijent;BFS;30;223;0.4332;True;15;15;1;0
2026-08-10 20:37:38;0;Vozilo->Klijent;Dijkstra;30;223;1.5095;False;15;15;1;0
2026-08-10 20:37:38;0;Vozilo->Klijent;A*;30;157;1.3148;False;15;15;1;0
2026-08-10 20:37:38;0;Klijent->Odrediste;BFS;35;87;0.1690;True;15;15;1;0
2026-08-10 20:37:38;0;Klijent->Odrediste;Dijkstra;35;84;0.4081;False;15;15;1;0
2026-08-10 20:37:38;0;Klijent->Odrediste;A*;35;62;0.3697;False;15;15;1;0
2026-08-10 20:38:51;1;Vozilo->Klijent;BFS;4;33;0.0377;False;15;15;1;0
2026-08-10 20:38:51;1;Vozilo->Klijent;Dijkstra;4;24;0.1137;False;15;15;1;0
2026-08-10 20:38:51;1;Vozilo->Klijent;A*;4;6;0.0253;True;15;15;1;0
2026-08-10 20:38:51;1;Klijent->Odrediste;BFS;14;162;0.2193;True;15;15;1;0
2026-08-10 20:38:51;1;Klijent->Odrediste;Dijkstra;14;151;0.9035;False;15;15;1;0
2026-08-10 20:38:51;1;Klijent->Odrediste;A*;14;43;0.2397;False;15;15;1;0
2026-08-10 20:39:42;2;Vozilo->Klijent;BFS;24;149;0.1962;True;15;15;1;0
2026-08-10 20:39:42;2;Vozilo->Klijent;Dijkstra;24;142;0.8392;False;15;15;1;0
2026-08-10 20:39:42;2;Vozilo->Klijent;A*;24;108;0.8179;False;15;15;1;0
2026-08-10 20:39:42;2;Klijent->Odrediste;BFS;31;206;0.2885;True;15;15;1;0
2026-08-10 20:39:42;2;Klijent->Odrediste;Dijkstra;31;205;1.1456;False;15;15;1;0
2026-08-10 20:39:42;2;Klijent->Odrediste;A*;31;171;1.0727;False;15;15;1;0
2026-08-10 20:40:38;3;Vozilo->Klijent;BFS;22;76;0.0947;True;15;15;1;0
2026-08-10 20:40:38;3;Vozilo->Klijent;Dijkstra;22;66;0.2291;False;15;15;1;0
2026-08-10 20:40:38;3;Vozilo->Klijent;A*;22;38;0.1167;False;15;15;1;0
2026-08-10 20:40:38;3;Klijent->Odrediste;BFS;34;223;0.3087;True;15;15;1;0
2026-08-10 20:40:38;3;Klijent->Odrediste;Dijkstra;34;223;1.5238;False;15;15;1;0
2026-08-10 20:40:38;3;Klijent->Odrediste;A*;34;192;0.9072;False;15;15;1;0
2026-08-10 20:41:41;4;Vozilo->Klijent;BFS;55;224;0.3472;True;15;15;1;0
2026-08-10 20:41:41;4;Vozilo->Klijent;Dijkstra;55;222;1.8616;False;15;15;1;0
2026-08-10 20:41:41;4;Vozilo->Klijent;A*;55;168;0.8196;False;15;15;1;0
2026-08-10 20:41:41;4;Klijent->Odrediste;BFS;21;128;0.1694;True;15;15;1;0
2026-08-10 20:41:41;4;Klijent->Odrediste;Dijkstra;21;122;0.5142;False;15;15;1;0
2026-08-10 20:41:41;4;Klijent->Odrediste;A*;21;75;0.3465;False;15;15;1;0
2026-08-10 20:42:58;5;Vozilo->Klijent;BFS;7;38;0.0478;True;15;15;1;0
2026-08-10 20:42:58;5;Vozilo->Klijent;Dijkstra;7;30;0.1268;False;15;15;1;0
2026-08-10 20:42:58;5;Vozilo->Klijent;A*;7;15;0.1951;False;15;15;1;0
2026-08-10 20:42:58;5;Klijent->Odrediste;BFS;10;104;0.1438;False;15;15;1;0
2026-08-10 20:42:58;5;Klijent->Odrediste;Dijkstra;10;92;0.4939;False;15;15;1;0
2026-08-10 20:42:58;5;Klijent->Odrediste;A*;10;13;0.0625;True;15;15;1;0
2026-08-10 20:43:29;6;Vozilo->Klijent;BFS;15;142;0.7138;False;15;15;1;0
2026-08-10 20:43:29;6;Vozilo->Klijent;Dijkstra;15;134;0.7533;False;15;15;1;0
2026-08-10 20:43:29;6;Vozilo->Klijent;A*;15;40;0.1819;True;15;15;1;0
2026-08-10 20:43:29;6;Klijent->Odrediste;BFS;48;217;0.2976;True;15;15;1;0
2026-08-10 20:43:29;6;Klijent->Odrediste;Dijkstra;48;216;0.8366;False;15;15;1;0
2026-08-10 20:43:29;6;Klijent->Odrediste;A*;48;215;1.1555;False;15;15;1;0
2026-08-10 20:44:42;7;Vozilo->Klijent;BFS;47;212;0.2894;True;15;15;1;0
2026-08-10 20:44:42;7;Vozilo->Klijent;Dijkstra;47;206;1.1115;False;15;15;1;0
2026-08-10 20:44:42;7;Vozilo->Klijent;A*;47;132;0.4952;False;15;15;1;0
2026-08-10 20:44:42;7;Klijent->Odrediste;BFS;24;154;0.2282;True;15;15;1;0
2026-08-10 20:44:42;7;Klijent->Odrediste;Dijkstra;24;144;0.5563;False;15;15;1;0
2026-08-10 20:44:42;7;Klijent->Odrediste;A*;24;69;0.3143;False;15;15;1;0
2026-08-10 20:45:51;8;Vozilo->Klijent;BFS;30;222;0.3483;True;15;15;1;0
2026-08-10 20:45:51;8;Vozilo->Klijent;Dijkstra;30;222;1.4636;False;15;15;1;0
2026-08-10 20:45:51;8;Vozilo->Klijent;A*;30;155;0.7376;False;15;15;1;0
2026-08-10 20:45:51;8;Klijent->Odrediste;BFS;36;95;0.1265;True;15;15;1;0
2026-08-10 20:45:51;8;Klijent->Odrediste;Dijkstra;36;90;0.2658;False;15;15;1;0
2026-08-10 20:45:51;8;Klijent->Odrediste;A*;36;81;0.3161;False;15;15;1;0
2026-08-10 20:56:11;0;Vozilo->Klijent;BFS;37;223;0.1622;True;15;15;1;0
2026-08-10 20:56:11;0;Vozilo->Klijent;Dijkstra;37;223;0.8313;False;15;15;1;0
2026-08-10 20:56:11;0;Vozilo->Klijent;A*;37;209;0.7412;False;15;15;1;0
2026-08-10 20:56:11;0;Klijent->Odrediste;BFS;45;147;0.0999;True;15;15;1;0
2026-08-10 20:56:11;0;Klijent->Odrediste;Dijkstra;45;141;0.3225;False;15;15;1;0
2026-08-10 20:56:11;0;Klijent->Odrediste;A*;45;110;0.2893;False;15;15;1;0
2026-08-10 20:57:36;1;Vozilo->Klijent;BFS;10;42;0.0520;True;15;15;1;0
2026-08-10 20:57:36;1;Vozilo->Klijent;Dijkstra;10;35;0.1271;False;15;15;1;0
2026-08-10 20:57:36;1;Vozilo->Klijent;A*;10;15;0.0531;False;15;15;1;0
2026-08-10 20:57:36;1;Klijent->Odrediste;BFS;19;197;0.2962;False;15;15;1;0
2026-08-10 20:57:36;1;Klijent->Odrediste;Dijkstra;19;192;1.4612;False;15;15;1;0
2026-08-10 20:57:36;1;Klijent->Odrediste;A*;19;47;0.2086;True;15;15;1;0
2026-08-10 20:58:14;2;Vozilo->Klijent;BFS;21;82;0.1414;False;15;15;1;0
2026-08-10 20:58:14;2;Vozilo->Klijent;Dijkstra;21;74;0.3220;False;15;15;1;0
2026-08-10 20:58:14;2;Vozilo->Klijent;A*;21;37;0.1181;True;15;15;1;0
2026-08-10 20:58:14;2;Klijent->Odrediste;BFS;13;143;0.1818;False;15;15;1;0
2026-08-10 20:58:14;2;Klijent->Odrediste;Dijkstra;13;124;0.8947;False;15;15;1;0
2026-08-10 20:58:14;2;Klijent->Odrediste;A*;13;26;0.1744;True;15;15;1;0
2026-08-10 20:58:59;3;Vozilo->Klijent;BFS;24;194;0.6205;False;15;15;1;0
2026-08-10 20:58:59;3;Vozilo->Klijent;Dijkstra;24;191;1.0168;False;15;15;1;0
2026-08-10 20:58:59;3;Vozilo->Klijent;A*;24;75;0.4069;True;15;15;1;0
2026-08-10 20:58:59;3;Klijent->Odrediste;BFS;6;26;0.0320;False;15;15;1;0
2026-08-10 20:58:59;3;Klijent->Odrediste;Dijkstra;6;20;0.0664;False;15;15;1;0
2026-08-10 20:58:59;3;Klijent->Odrediste;A*;6;9;0.0298;True;15;15;1;0
2026-08-10 20:59:39;4;Vozilo->Klijent;BFS;27;215;0.3239;True;15;15;1;0
2026-08-10 20:59:39;4;Vozilo->Klijent;Dijkstra;27;208;0.9527;False;15;15;1;0
2026-08-10 20:59:39;4;Vozilo->Klijent;A*;27;138;0.9588;False;15;15;1;0
2026-08-10 20:59:39;4;Klijent->Odrediste;BFS;17;53;0.0703;True;15;15;1;0
2026-08-10 20:59:39;4;Klijent->Odrediste;Dijkstra;17;49;0.1492;False;15;15;1;0
2026-08-10 20:59:39;4;Klijent->Odrediste;A*;17;36;0.1135;False;15;15;1;0
2026-08-10 21:00:34;5;Vozilo->Klijent;BFS;5;38;0.0472;True;15;15;1;0
2026-08-10 21:00:34;5;Vozilo->Klijent;Dijkstra;5;30;0.1980;False;15;15;1;0
2026-08-10 21:00:34;5;Vozilo->Klijent;A*;5;9;0.0570;False;15;15;1;0
2026-08-10 21:00:34;5;Klijent->Odrediste;BFS;9;65;0.1910;False;15;15;1;0
2026-08-10 21:00:34;5;Klijent->Odrediste;Dijkstra;9;55;0.3588;False;15;15;1;0
2026-08-10 21:00:34;5;Klijent->Odrediste;A*;9;20;0.1213;True;15;15;1;0
2026-08-10 21:01:08;6;Vozilo->Klijent;BFS;19;165;0.2167;True;15;15;1;0
2026-08-10 21:01:08;6;Vozilo->Klijent;Dijkstra;19;158;0.8174;False;15;15;1;0
2026-08-10 21:01:08;6;Vozilo->Klijent;A*;19;68;0.3336;False;15;15;1;0
2026-08-10 21:01:08;6;Klijent->Odrediste;BFS;12;89;0.1183;False;15;15;1;0
2026-08-10 21:01:08;6;Klijent->Odrediste;Dijkstra;12;84;0.3618;False;15;15;1;0
2026-08-10 21:01:08;6;Klijent->Odrediste;A*;12;23;0.1076;True;15;15;1;0
2026-08-11 16:36:06;0;Vozilo->Klijent;BFS;31;223;1.1991;False;15;15;5;0
2026-08-11 16:36:06;0;Vozilo->Klijent;Dijkstra;31;223;2.8648;False;15;15;5;0
2026-08-11 16:36:06;0;Vozilo->Klijent;A*;31;157;0.9603;True;15;15;5;0
2026-08-11 16:36:06;0;Klijent->Odrediste;BFS;42;122;0.1331;True;15;15;5;0
2026-08-11 16:36:06;0;Klijent->Odrediste;Dijkstra;42;116;0.3004;False;15;15;5;0
2026-08-11 16:36:06;0;Klijent->Odrediste;A*;42;90;0.2472;False;15;15;5;0
2026-08-11 16:37:46;1;Vozilo->Klijent;BFS;1;4;0.0023;True;15;15;5;0
2026-08-11 16:37:46;1;Vozilo->Klijent;Dijkstra;1;2;0.0138;False;15;15;5;0
2026-08-11 16:37:46;1;Vozilo->Klijent;A*;1;2;0.0100;False;15;15;5;0
2026-08-11 16:37:46;1;Klijent->Odrediste;BFS;16;124;0.1401;True;15;15;5;0
2026-08-11 16:37:46;1;Klijent->Odrediste;Dijkstra;16;104;0.5213;False;15;15;5;0
2026-08-11 16:37:46;1;Klijent->Odrediste;A*;16;39;0.1620;False;15;15;5;0
2026-08-11 16:38:18;2;Vozilo->Klijent;BFS;7;24;0.0255;True;15;15;5;0
2026-08-11 16:38:18;2;Vozilo->Klijent;Dijkstra;7;21;0.0638;False;15;15;5;0
2026-08-11 16:38:18;2;Vozilo->Klijent;A*;7;10;0.0292;False;15;15;5;0
2026-08-11 16:38:18;2;Klijent->Odrediste;BFS;32;191;0.2305;True;15;15;5;0
2026-08-11 16:38:18;2;Klijent->Odrediste;Dijkstra;32;188;0.7522;False;15;15;5;0
2026-08-11 16:38:18;2;Klijent->Odrediste;A*;32;132;0.6009;False;15;15;5;0
2026-08-11 16:39:05;3;Vozilo->Klijent;BFS;8;73;0.3041;False;15;15;5;0
2026-08-11 16:39:05;3;Vozilo->Klijent;Dijkstra;8;62;0.2790;False;15;15;5;0
2026-08-11 16:39:05;3;Vozilo->Klijent;A*;8;16;0.0666;True;15;15;5;0
2026-08-11 16:39:05;3;Klijent->Odrediste;BFS;6;34;0.0343;True;15;15;5;0
2026-08-11 16:39:05;3;Klijent->Odrediste;Dijkstra;6;26;0.0887;False;15;15;5;0
2026-08-11 16:39:05;3;Klijent->Odrediste;A*;6;14;0.0458;False;15;15;5;0
2026-08-11 16:39:46;4;Vozilo->Klijent;BFS;6;24;0.0365;False;15;15;5;0
2026-08-11 16:39:46;4;Vozilo->Klijent;Dijkstra;6;19;0.0710;False;15;15;5;0
2026-08-11 16:39:46;4;Vozilo->Klijent;A*;6;8;0.0256;True;15;15;5;0
2026-08-11 16:39:46;4;Klijent->Odrediste;BFS;18;133;0.1872;True;15;15;5;0
2026-08-11 16:39:46;4;Klijent->Odrediste;Dijkstra;18;117;0.5152;False;15;15;5;0
2026-08-11 16:39:46;4;Klijent->Odrediste;A*;18;52;0.2025;False;15;15;5;0
2026-08-11 16:40:14;5;Vozilo->Klijent;BFS;2;9;0.0071;True;15;15;5;0
2026-08-11 16:40:14;5;Vozilo->Klijent;Dijkstra;2;5;0.0251;False;15;15;5;0
2026-08-11 16:40:14;5;Vozilo->Klijent;A*;2;3;0.0133;False;15;15;5;0
2026-08-11 16:40:14;5;Klijent->Odrediste;BFS;19;155;0.1763;True;15;15;5;0
2026-08-11 16:40:14;5;Klijent->Odrediste;Dijkstra;19;143;0.6883;False;15;15;5;0
2026-08-11 16:40:14;5;Klijent->Odrediste;A*;19;58;0.2317;False;15;15;5;0
2026-08-11 16:40:49;6;Vozilo->Klijent;BFS;12;70;0.0773;True;15;15;5;0
2026-08-11 16:40:49;6;Vozilo->Klijent;Dijkstra;12;62;0.2361;False;15;15;5;0
2026-08-11 16:40:49;6;Vozilo->Klijent;A*;12;41;0.1458;False;15;15;5;0
2026-08-11 16:40:49;6;Klijent->Odrediste;BFS;13;75;2.1845;False;15;15;5;0
2026-08-11 16:40:49;6;Klijent->Odrediste;Dijkstra;13;65;0.2753;False;15;15;5;0
2026-08-11 16:40:49;6;Klijent->Odrediste;A*;13;22;0.1387;True;15;15;5;0
2026-08-11 16:41:22;7;Vozilo->Klijent;BFS;2;6;0.0085;True;15;15;5;0
2026-08-11 16:41:22;7;Vozilo->Klijent;Dijkstra;2;5;0.0279;False;15;15;5;0
2026-08-11 16:41:22;7;Vozilo->Klijent;A*;2;4;0.2798;False;15;15;5;0
2026-08-11 16:41:22;7;Klijent->Odrediste;BFS;19;80;0.1064;True;15;15;5;0
2026-08-11 16:41:22;7;Klijent->Odrediste;Dijkstra;19;71;0.2253;False;15;15;5;0
2026-08-11 16:41:22;7;Klijent->Odrediste;A*;19;51;0.1620;False;15;15;5;0
2026-08-11 16:42:03;8;Vozilo->Klijent;BFS;2;11;0.0082;True;15;15;5;0
2026-08-11 16:42:03;8;Vozilo->Klijent;Dijkstra;2;6;0.0306;False;15;15;5;0
2026-08-11 16:42:03;8;Vozilo->Klijent;A*;2;3;0.0130;False;15;15;5;0
2026-08-11 16:42:03;8;Klijent->Odrediste;BFS;17;148;0.3528;False;15;15;5;0
2026-08-11 16:42:03;8;Klijent->Odrediste;Dijkstra;17;141;1.1424;False;15;15;5;0
2026-08-11 16:42:03;8;Klijent->Odrediste;A*;17;49;0.2889;True;15;15;5;0
2026-08-11 16:42:39;9;Vozilo->Klijent;BFS;8;42;0.0431;True;15;15;5;0
2026-08-11 16:42:39;9;Vozilo->Klijent;Dijkstra;8;34;0.1144;False;15;15;5;0
2026-08-11 16:42:39;9;Vozilo->Klijent;A*;8;13;0.0462;False;15;15;5;0
2026-08-11 16:42:39;9;Klijent->Odrediste;BFS;14;137;0.1621;True;15;15;5;0
2026-08-11 16:42:39;9;Klijent->Odrediste;Dijkstra;14;128;0.6100;False;15;15;5;0
2026-08-11 16:42:39;9;Klijent->Odrediste;A*;14;60;0.5971;False;15;15;5;0
2026-08-11 16:43:07;10;Vozilo->Klijent;BFS;14;143;0.1615;False;15;15;5;0
2026-08-11 16:43:07;10;Vozilo->Klijent;Dijkstra;14;125;0.7057;False;15;15;5;0
2026-08-11 16:43:07;10;Vozilo->Klijent;A*;14;32;0.1125;True;15;15;5;0
2026-08-11 16:43:07;10;Klijent->Odrediste;BFS;13;91;0.1095;True;15;15;5;0
2026-08-11 16:43:07;10;Klijent->Odrediste;Dijkstra;13;86;0.3292;False;15;15;5;0
2026-08-11 16:43:07;10;Klijent->Odrediste;A*;13;32;0.1942;False;15;15;5;0
2026-08-11 16:43:57;11;Vozilo->Klijent;BFS;8;66;0.0868;False;15;15;5;0
2026-08-11 16:43:57;11;Vozilo->Klijent;Dijkstra;8;56;0.3150;False;15;15;5;0
2026-08-11 16:43:57;11;Vozilo->Klijent;A*;8;13;0.0576;True;15;15;5;0
2026-08-11 16:43:57;11;Klijent->Odrediste;BFS;14;146;0.7040;False;15;15;5;0
2026-08-11 16:43:57;11;Klijent->Odrediste;Dijkstra;14;130;0.9514;False;15;15;5;0
2026-08-11 16:43:57;11;Klijent->Odrediste;A*;14;42;0.1902;True;15;15;5;0
2026-08-11 16:44:28;12;Vozilo->Klijent;BFS;2;5;0.0047;True;15;15;5;0
2026-08-11 16:44:28;12;Vozilo->Klijent;Dijkstra;2;4;0.0165;False;15;15;5;0
2026-08-11 16:44:28;12;Vozilo->Klijent;A*;2;3;0.0110;False;15;15;5;0
2026-08-11 16:44:28;12;Klijent->Odrediste;BFS;15;76;0.0866;True;15;15;5;0
2026-08-11 16:44:28;12;Klijent->Odrediste;Dijkstra;15;68;0.2246;False;15;15;5;0
2026-08-11 16:44:28;12;Klijent->Odrediste;A*;15;34;0.1131;False;15;15;5;0
2026-08-11 16:45:29;13;Vozilo->Klijent;BFS;7;22;0.0301;True;15;15;5;0
2026-08-11 16:45:29;13;Vozilo->Klijent;Dijkstra;7;18;0.0575;False;15;15;5;0
2026-08-11 16:45:29;13;Vozilo->Klijent;A*;7;12;0.0380;False;15;15;5;0
2026-08-11 16:45:29;13;Klijent->Odrediste;BFS;56;225;0.3133;True;15;15;5;0
2026-08-11 16:45:29;13;Klijent->Odrediste;Dijkstra;56;225;1.1109;False;15;15;5;0
2026-08-11 16:45:29;13;Klijent->Odrediste;A*;56;225;0.9267;False;15;15;5;0
2026-08-11 16:46:27;14;Vozilo->Klijent;BFS;9;85;0.0963;True;15;15;5;0
2026-08-11 16:46:27;14;Vozilo->Klijent;Dijkstra;9;71;0.3311;False;15;15;5;0
2026-08-11 16:46:27;14;Vozilo->Klijent;A*;9;33;0.2182;False;15;15;5;0
2026-08-11 16:46:27;14;Klijent->Odrediste;BFS;14;107;0.1924;False;15;15;5;0
2026-08-11 16:46:27;14;Klijent->Odrediste;Dijkstra;14;96;0.9365;False;15;15;5;0
2026-08-11 16:46:27;14;Klijent->Odrediste;A*;14;34;0.1703;True;15;15;5;0
2026-08-11 16:50:57;0;Vozilo->Klijent;BFS;1;4;0.0073;True;15;15;10;0
2026-08-11 16:50:57;0;Vozilo->Klijent;Dijkstra;1;3;0.3729;False;15;15;10;0
2026-08-11 16:50:57;0;Vozilo->Klijent;A*;1;2;0.3653;False;15;15;10;0
2026-08-11 16:50:57;0;Klijent->Odrediste;BFS;39;95;0.1779;True;15;15;10;0
2026-08-11 16:50:57;0;Klijent->Odrediste;Dijkstra;39;90;0.2168;False;15;15;10;0
2026-08-11 16:50:57;0;Klijent->Odrediste;A*;39;81;0.2544;False;15;15;10;0
2026-08-11 16:51:39;1;Vozilo->Klijent;BFS;2;6;0.0054;True;15;15;10;0
2026-08-11 16:51:39;1;Vozilo->Klijent;Dijkstra;2;5;0.0204;False;15;15;10;0
2026-08-11 16:51:39;1;Vozilo->Klijent;A*;2;3;0.0096;False;15;15;10;0
2026-08-11 16:51:39;1;Klijent->Odrediste;BFS;19;115;0.1163;True;15;15;10;0
2026-08-11 16:51:39;1;Klijent->Odrediste;Dijkstra;19;101;0.3275;False;15;15;10;0
2026-08-11 16:51:39;1;Klijent->Odrediste;A*;19;44;0.1378;False;15;15;10;0
2026-08-11 16:52:11;2;Vozilo->Klijent;BFS;1;3;0.0021;True;15;15;10;0
2026-08-11 16:52:11;2;Vozilo->Klijent;Dijkstra;1;2;0.0114;False;15;15;10;0
2026-08-11 16:52:11;2;Vozilo->Klijent;A*;1;2;0.0086;False;15;15;10;0
2026-08-11 16:52:11;2;Klijent->Odrediste;BFS;5;34;0.0342;False;15;15;10;0
2026-08-11 16:52:11;2;Klijent->Odrediste;Dijkstra;5;25;0.0864;False;15;15;10;0
2026-08-11 16:52:11;2;Klijent->Odrediste;A*;5;7;0.0225;True;15;15;10;0
2026-08-11 16:52:36;3;Vozilo->Klijent;BFS;1;4;0.0032;True;15;15;10;0
2026-08-11 16:52:36;3;Vozilo->Klijent;Dijkstra;1;2;0.0165;False;15;15;10;0
2026-08-11 16:52:36;3;Vozilo->Klijent;A*;1;2;0.0115;False;15;15;10;0
2026-08-11 16:52:36;3;Klijent->Odrediste;BFS;6;44;0.0657;False;15;15;10;0
2026-08-11 16:52:36;3;Klijent->Odrediste;Dijkstra;6;36;0.1796;False;15;15;10;0
2026-08-11 16:52:36;3;Klijent->Odrediste;A*;6;11;0.0559;True;15;15;10;0
2026-08-11 16:52:51;4;Vozilo->Klijent;BFS;9;32;0.0422;False;15;15;10;0
2026-08-11 16:52:51;4;Vozilo->Klijent;Dijkstra;9;26;0.1037;False;15;15;10;0
2026-08-11 16:52:51;4;Vozilo->Klijent;A*;9;14;0.0413;True;15;15;10;0
2026-08-11 16:52:51;4;Klijent->Odrediste;BFS;56;225;0.3254;True;15;15;10;0
2026-08-11 16:52:51;4;Klijent->Odrediste;Dijkstra;56;225;1.6424;False;15;15;10;0
2026-08-11 16:52:51;4;Klijent->Odrediste;A*;56;225;1.0418;False;15;15;10;0
2026-08-11 16:53:55;5;Vozilo->Klijent;BFS;6;45;0.0518;False;15;15;10;0
2026-08-11 16:53:55;5;Vozilo->Klijent;Dijkstra;6;37;0.1462;False;15;15;10;0
2026-08-11 16:53:55;5;Vozilo->Klijent;A*;6;13;0.0480;True;15;15;10;0
2026-08-11 16:53:55;5;Klijent->Odrediste;BFS;14;107;0.1228;False;15;15;10;0
2026-08-11 16:53:55;5;Klijent->Odrediste;Dijkstra;14;96;1.3397;False;15;15;10;0
2026-08-11 16:53:55;5;Klijent->Odrediste;A*;14;34;0.1211;True;15;15;10;0
2026-08-11 16:54:44;6;Vozilo->Klijent;BFS;3;22;0.0215;True;15;15;10;0
2026-08-11 16:54:44;6;Vozilo->Klijent;Dijkstra;3;14;0.0618;False;15;15;10;0
2026-08-11 16:54:44;6;Vozilo->Klijent;A*;3;6;0.0256;False;15;15;10;0
2026-08-11 16:54:44;6;Klijent->Odrediste;BFS;6;40;0.0423;False;15;15;10;0
2026-08-11 16:54:44;6;Klijent->Odrediste;Dijkstra;6;29;0.1062;False;15;15;10;0
2026-08-11 16:54:44;6;Klijent->Odrediste;A*;6;12;0.0417;True;15;15;10;0
2026-08-11 16:55:12;7;Vozilo->Klijent;BFS;5;23;0.0318;True;15;15;10;0
2026-08-11 16:55:12;7;Vozilo->Klijent;Dijkstra;5;18;0.0798;False;15;15;10;0
2026-08-11 16:55:12;7;Vozilo->Klijent;A*;5;10;1.3361;False;15;15;10;0
2026-08-11 16:55:12;7;Klijent->Odrediste;BFS;19;192;0.3614;True;15;15;10;0
2026-08-11 16:55:12;7;Klijent->Odrediste;Dijkstra;19;188;1.1757;False;15;15;10;0
2026-08-11 16:55:12;7;Klijent->Odrediste;A*;19;92;0.7154;False;15;15;10;0
2026-08-11 16:55:58;8;Vozilo->Klijent;BFS;2;11;0.0096;True;15;15;10;0
2026-08-11 16:55:58;8;Vozilo->Klijent;Dijkstra;2;7;0.0299;False;15;15;10;0
2026-08-11 16:55:58;8;Vozilo->Klijent;A*;2;3;0.0107;False;15;15;10;0
2026-08-11 16:55:58;8;Klijent->Odrediste;BFS;11;90;0.0905;False;15;15;10;0
2026-08-11 16:55:58;8;Klijent->Odrediste;Dijkstra;11;72;0.2991;False;15;15;10;0
2026-08-11 16:55:58;8;Klijent->Odrediste;A*;11;14;0.0425;True;15;15;10;0
2026-08-11 16:56:38;9;Vozilo->Klijent;BFS;8;64;0.1094;True;15;15;10;0
2026-08-11 16:56:38;9;Vozilo->Klijent;Dijkstra;8;50;0.3156;False;15;15;10;0
2026-08-11 16:56:38;9;Vozilo->Klijent;A*;8;21;0.1199;False;15;15;10;0
2026-08-11 16:56:38;9;Klijent->Odrediste;BFS;17;166;0.2639;True;15;15;10;0
2026-08-11 16:56:38;9;Klijent->Odrediste;Dijkstra;17;153;1.0721;False;15;15;10;0
2026-08-11 16:56:38;9;Klijent->Odrediste;A*;17;60;0.3901;False;15;15;10;0
2026-08-11 16:57:19;10;Vozilo->Klijent;BFS;14;153;0.1785;True;15;15;10;0
2026-08-11 16:57:19;10;Vozilo->Klijent;Dijkstra;14;140;0.8091;False;15;15;10;0
2026-08-11 16:57:19;10;Vozilo->Klijent;A*;14;56;0.2459;False;15;15;10;0
2026-08-11 16:57:19;10;Klijent->Odrediste;BFS;17;104;0.3099;False;15;15;10;0
2026-08-11 16:57:19;10;Klijent->Odrediste;Dijkstra;17;95;0.3268;False;15;15;10;0
2026-08-11 16:57:19;10;Klijent->Odrediste;A*;17;48;0.1655;True;15;15;10;0
2026-08-11 16:57:57;11;Vozilo->Klijent;BFS;7;60;0.0705;False;15;15;10;0
2026-08-11 16:57:57;11;Vozilo->Klijent;Dijkstra;7;52;0.2262;False;15;15;10;0
2026-08-11 16:57:57;11;Vozilo->Klijent;A*;7;15;0.0647;True;15;15;10;0
2026-08-11 16:57:57;11;Klijent->Odrediste;BFS;7;46;0.0481;True;15;15;10;0
2026-08-11 16:57:57;11;Klijent->Odrediste;Dijkstra;7;34;0.2435;False;15;15;10;0
2026-08-11 16:57:57;11;Klijent->Odrediste;A*;7;14;0.0486;False;15;15;10;0
2026-08-11 16:58:39;12;Vozilo->Klijent;BFS;6;35;0.0364;False;15;15;10;0
2026-08-11 16:58:39;12;Vozilo->Klijent;Dijkstra;6;26;0.1008;False;15;15;10;0
2026-08-11 16:58:39;12;Vozilo->Klijent;A*;6;10;0.0330;True;15;15;10;0
2026-08-11 16:58:39;12;Klijent->Odrediste;BFS;29;215;0.2852;True;15;15;10;0
2026-08-11 16:58:39;12;Klijent->Odrediste;Dijkstra;29;213;0.8294;False;15;15;10;0
2026-08-11 16:58:39;12;Klijent->Odrediste;A*;29;162;0.8186;False;15;15;10;0
2026-08-11 16:59:18;13;Vozilo->Klijent;BFS;5;41;0.0453;False;15;15;10;0
2026-08-11 16:59:18;13;Vozilo->Klijent;Dijkstra;5;32;0.1400;False;15;15;10;0
2026-08-11 16:59:18;13;Vozilo->Klijent;A*;5;9;0.0362;True;15;15;10;0
2026-08-11 16:59:18;13;Klijent->Odrediste;BFS;10;109;0.1436;False;15;15;10;0
2026-08-11 16:59:18;13;Klijent->Odrediste;Dijkstra;10;96;0.4671;False;15;15;10;0
2026-08-11 16:59:18;13;Klijent->Odrediste;A*;10;19;0.0749;True;15;15;10;0
2026-08-11 16:59:54;14;Vozilo->Klijent;BFS;5;31;0.0312;True;15;15;10;0
2026-08-11 16:59:54;14;Vozilo->Klijent;Dijkstra;5;23;0.1218;False;15;15;10;0
2026-08-11 16:59:54;14;Vozilo->Klijent;A*;5;9;0.0420;False;15;15;10;0
2026-08-11 16:59:54;14;Klijent->Odrediste;BFS;15;138;0.1842;False;15;15;10;0
2026-08-11 16:59:54;14;Klijent->Odrediste;Dijkstra;15;126;0.9301;False;15;15;10;0
2026-08-11 16:59:54;14;Klijent->Odrediste;A*;15;41;0.1633;True;15;15;10;0
2026-08-11 17:04:46;0;Vozilo->Klijent;BFS;40;430;0.5236;True;25;25;1;0
2026-08-11 17:04:46;0;Vozilo->Klijent;Dijkstra;40;400;3.1916;False;25;25;1;0
2026-08-11 17:04:46;0;Vozilo->Klijent;A*;40;124;0.8494;False;25;25;1;0
2026-08-11 17:04:46;0;Klijent->Odrediste;BFS;58;585;0.7355;True;25;25;1;0
2026-08-11 17:04:46;0;Klijent->Odrediste;Dijkstra;58;583;3.5249;False;25;25;1;0
2026-08-11 17:04:46;0;Klijent->Odrediste;A*;58;409;3.5575;False;25;25;1;0
2026-08-11 17:06:19;1;Vozilo->Klijent;BFS;19;165;0.1881;True;25;25;1;0
2026-08-11 17:06:19;1;Vozilo->Klijent;Dijkstra;19;154;0.7693;False;25;25;1;0
2026-08-11 17:06:19;1;Vozilo->Klijent;A*;19;70;0.4182;False;25;25;1;0
2026-08-11 17:06:19;1;Klijent->Odrediste;BFS;28;388;0.5037;True;25;25;1;0
2026-08-11 17:06:19;1;Klijent->Odrediste;Dijkstra;28;357;2.7982;False;25;25;1;0
2026-08-11 17:06:19;1;Klijent->Odrediste;A*;28;159;0.8316;False;25;25;1;0
2026-08-11 17:07:01;2;Vozilo->Klijent;BFS;51;557;0.6767;True;25;25;1;0
2026-08-11 17:07:01;2;Vozilo->Klijent;Dijkstra;51;540;2.9904;False;25;25;1;0
2026-08-11 17:07:01;2;Vozilo->Klijent;A*;51;342;1.8781;False;25;25;1;0
2026-08-11 17:07:01;2;Klijent->Odrediste;BFS;27;278;0.2977;True;25;25;1;0
2026-08-11 17:07:01;2;Klijent->Odrediste;Dijkstra;27;267;1.1119;False;25;25;1;0
2026-08-11 17:07:01;2;Klijent->Odrediste;A*;27;156;0.6578;False;25;25;1;0
2026-08-11 17:08:15;3;Vozilo->Klijent;BFS;40;600;0.9519;True;25;25;1;0
2026-08-11 17:08:15;3;Vozilo->Klijent;Dijkstra;40;593;6.8431;False;25;25;1;0
2026-08-11 17:08:15;3;Vozilo->Klijent;A*;40;215;1.5627;False;25;25;1;0
2026-08-11 17:08:15;3;Klijent->Odrediste;BFS;29;221;0.2750;True;25;25;1;0
2026-08-11 17:08:15;3;Klijent->Odrediste;Dijkstra;29;214;0.8541;False;25;25;1;0
2026-08-11 17:08:15;3;Klijent->Odrediste;A*;29;141;0.6756;False;25;25;1;0
2026-08-11 17:09:15;4;Vozilo->Klijent;BFS;10;57;0.0637;True;25;25;1;0
2026-08-11 17:09:15;4;Vozilo->Klijent;Dijkstra;10;49;0.1716;False;25;25;1;0
2026-08-11 17:09:15;4;Vozilo->Klijent;A*;10;24;0.0868;False;25;25;1;0
2026-08-11 17:09:15;4;Klijent->Odrediste;BFS;30;447;0.5382;True;25;25;1;0
2026-08-11 17:09:15;4;Klijent->Odrediste;Dijkstra;30;422;3.4126;False;25;25;1;0
2026-08-11 17:09:15;4;Klijent->Odrediste;A*;30;135;0.7211;False;25;25;1;0
2026-08-11 17:10:45;5;Vozilo->Klijent;BFS;26;350;0.4188;True;25;25;1;0
2026-08-11 17:10:45;5;Vozilo->Klijent;Dijkstra;26;329;2.5158;False;25;25;1;0
2026-08-11 17:10:45;5;Vozilo->Klijent;A*;26;71;0.4622;False;25;25;1;0
2026-08-11 17:10:45;5;Klijent->Odrediste;BFS;14;105;0.1189;False;25;25;1;0
2026-08-11 17:10:45;5;Klijent->Odrediste;Dijkstra;14;94;0.3843;False;25;25;1;0
2026-08-11 17:10:45;5;Klijent->Odrediste;A*;14;30;0.0927;True;25;25;1;0
2026-08-11 17:12:04;6;Vozilo->Klijent;BFS;19;175;0.2051;True;25;25;1;0
2026-08-11 17:12:04;6;Vozilo->Klijent;Dijkstra;19;163;0.8463;False;25;25;1;0
2026-08-11 17:12:04;6;Vozilo->Klijent;A*;19;63;0.2342;False;25;25;1;0
2026-08-11 17:12:04;6;Klijent->Odrediste;BFS;11;55;0.0711;True;25;25;1;0
2026-08-11 17:12:04;6;Klijent->Odrediste;Dijkstra;11;49;0.1700;False;25;25;1;0
2026-08-11 17:12:04;6;Klijent->Odrediste;A*;11;27;0.1223;False;25;25;1;0
2026-08-11 17:12:38;7;Vozilo->Klijent;BFS;25;295;0.3604;True;25;25;1;0
2026-08-11 17:12:38;7;Vozilo->Klijent;Dijkstra;25;275;2.1367;False;25;25;1;0
2026-08-11 17:12:38;7;Vozilo->Klijent;A*;25;114;0.5265;False;25;25;1;0
2026-08-11 17:12:38;7;Klijent->Odrediste;BFS;49;488;0.5416;True;25;25;1;0
2026-08-11 17:12:38;7;Klijent->Odrediste;Dijkstra;49;473;2.6005;False;25;25;1;0
2026-08-11 17:12:38;7;Klijent->Odrediste;A*;49;295;1.3899;False;25;25;1;0
2026-08-11 17:13:53;8;Vozilo->Klijent;BFS;22;243;0.2769;True;25;25;1;0
2026-08-11 17:13:53;8;Vozilo->Klijent;Dijkstra;22;215;1.2266;False;25;25;1;0
2026-08-11 17:13:53;8;Vozilo->Klijent;A*;22;101;0.4784;False;25;25;1;0
2026-08-11 17:13:53;8;Klijent->Odrediste;BFS;31;476;0.6424;True;25;25;1;0
2026-08-11 17:13:53;8;Klijent->Odrediste;Dijkstra;31;451;4.0309;False;25;25;1;0
2026-08-11 17:13:53;8;Klijent->Odrediste;A*;31;122;0.8528;False;25;25;1;0
2026-08-11 17:25:15;9;Vozilo->Klijent;BFS;19;151;0.1736;True;25;25;1;0
2026-08-11 17:25:15;9;Vozilo->Klijent;Dijkstra;19;140;0.7172;False;25;25;1;0
2026-08-11 17:25:15;9;Vozilo->Klijent;A*;19;59;0.2089;False;25;25;1;0
2026-08-11 17:25:15;9;Klijent->Odrediste;BFS;38;472;1.1217;True;25;25;1;0
2026-08-11 17:25:15;9;Klijent->Odrediste;Dijkstra;38;455;2.2563;False;25;25;1;0
2026-08-11 17:25:15;9;Klijent->Odrediste;A*;38;178;2.0762;False;25;25;1;0
2026-08-11 17:26:39;10;Vozilo->Klijent;BFS;26;297;0.3709;True;25;25;1;0
2026-08-11 17:26:39;10;Vozilo->Klijent;Dijkstra;26;284;1.5559;False;25;25;1;0
2026-08-11 17:26:39;10;Vozilo->Klijent;A*;26;77;0.6541;False;25;25;1;0
2026-08-11 17:26:39;10;Klijent->Odrediste;BFS;34;405;0.5565;True;25;25;1;0
2026-08-11 17:26:39;10;Klijent->Odrediste;Dijkstra;34;391;2.1248;False;25;25;1;0
2026-08-11 17:26:39;10;Klijent->Odrediste;A*;34;161;1.0080;False;25;25;1;0
2026-08-11 17:27:46;11;Vozilo->Klijent;BFS;16;149;0.1777;True;25;25;1;0
2026-08-11 17:27:46;11;Vozilo->Klijent;Dijkstra;16;139;0.7036;False;25;25;1;0
2026-08-11 17:27:46;11;Vozilo->Klijent;A*;16;49;0.2094;False;25;25;1;0
2026-08-11 17:27:46;11;Klijent->Odrediste;BFS;46;606;1.4721;True;25;25;1;0
2026-08-11 17:27:46;11;Klijent->Odrediste;Dijkstra;46;595;4.1877;False;25;25;1;0
2026-08-11 17:27:46;11;Klijent->Odrediste;A*;46;287;2.1205;False;25;25;1;0
2026-08-11 17:29:01;12;Vozilo->Klijent;BFS;18;174;0.2025;True;25;25;1;0
2026-08-11 17:29:01;12;Vozilo->Klijent;Dijkstra;18;165;0.8028;False;25;25;1;0
2026-08-11 17:29:01;12;Vozilo->Klijent;A*;18;65;0.2434;False;25;25;1;0
2026-08-11 17:29:01;12;Klijent->Odrediste;BFS;71;621;1.2489;True;25;25;1;0
2026-08-11 17:29:01;12;Klijent->Odrediste;Dijkstra;71;620;3.1370;False;25;25;1;0
2026-08-11 17:29:01;12;Klijent->Odrediste;A*;71;606;4.9761;False;25;25;1;0
2026-08-11 17:35:31;13;Vozilo->Klijent;BFS;52;430;0.5077;True;25;25;1;0
2026-08-11 17:35:31;13;Vozilo->Klijent;Dijkstra;52;409;2.4727;False;25;25;1;0
2026-08-11 17:35:31;13;Vozilo->Klijent;A*;52;272;1.4698;False;25;25;1;0
2026-08-11 17:35:31;13;Klijent->Odrediste;BFS;28;441;0.6300;False;25;25;1;0
2026-08-11 17:35:31;13;Klijent->Odrediste;Dijkstra;28;426;3.2952;False;25;25;1;0
2026-08-11 17:35:31;13;Klijent->Odrediste;A*;28;103;0.5033;True;25;25;1;0
2026-08-11 17:55:38;14;Vozilo->Klijent;BFS;26;272;0.2707;True;25;25;1;0
2026-08-11 17:55:38;14;Vozilo->Klijent;Dijkstra;26;252;1.0950;False;25;25;1;0
2026-08-11 17:55:38;14;Vozilo->Klijent;A*;26;109;0.4319;False;25;25;1;0
2026-08-11 17:55:38;14;Klijent->Odrediste;BFS;19;158;0.1903;True;25;25;1;0
2026-08-11 17:55:38;14;Klijent->Odrediste;Dijkstra;19;148;0.5687;False;25;25;1;0
2026-08-11 17:55:38;14;Klijent->Odrediste;A*;19;68;0.7678;False;25;25;1;0
